{
  "spaces": [
    {
      "id": 0,
      "name": "Hallway",
      "clr": "#7e49bbe7",
      "lineweight": "1"
    },
    {
      "id": 1,
      "name": "Bathroom",
      "clr": "#ff494cff",
      "lineweight": "2"
    },
    {
      "id": 2,
      "name": "Kitchen",
      "clr": "green",
      "lineweight": "1"
    },
    {
      "id": 3,
      "name": "Bedroom",
      "clr": "red",
      "lineweight": "3"
    },
    {
      "id": 4,
      "name": "Living room",
      "clr": "red",
      "lineweight": "1"
    },
    {
      "id": 1411576973034531,
      "name": "Office",
      "clr": "brown",
      "lineweight": "2"
    }
  ]
}