{
  "spaces": [
    {
      "id": 0,
      "name": "Hallway",
      "clr": "#7e49bbe7",
      "lineweight": "1"
    },
    {
      "id": 1,
      "name": "Bathroom",
      "clr": "#ff494cff",
      "lineweight": "1"
    },
    {
      "id": 3,
      "name": "Bedroom",
      "clr": "red",
      "lineweight": "1"
    },
    {
      "id": 4,
      "name": "Living room",
      "clr": "red",
      "lineweight": "1"
    },
    {
      "id": 856819890416405,
      "name": "A new room"
    },
    {
      "id": 8249552532077763,
      "name": "A new room",
      "clr": "red",
      "lineweight": "2"
    },
    {
      "id": 4078680992779133,
      "name": "A new room",
      "clr": "red",
      "lineweight": "2"
    },
    {
      "id": 7256454237828075,
      "name": "A new room",
      "clr": "red",
      "lineweight": "2"
    },
    {
      "id": 2021055630618510,
      "name": "name",
      "clr": "clr",
      "lineweight": "lineweight"
    },
    {
      "id": 298288940205149
    },
    {
      "id": 768915826165451,
      "name": "office",
      "clr": "blue",
      "lineweight": "2"
    },
    {
      "id": 8303485706922856,
      "name": "Library",
      "clr": "brown",
      "lineweight": "]1"
    }
  ]
}