{
  "spaces": [
    {
      "id": 0,
      "name": "Hallway",
      "clr": "#7e49bbe7",
	  "x": "40",
	  "y": "160",
	  "width": "40",
	  "height": "20",
      "lineweight": "1"
    },
    {
      "id": 1,
      "name": "Bathroom",
      "clr": "#ff494cff",
	  "x": "120",
	  "y": "100",
	  "width": "60",
	  "height": "30",
      "lineweight": "1"
    },
    {
      "id": 3,
      "name": "Bedroom",
      "clr": "#ff0000",
	  "x": 300",
	  "y": "80",
	  "width": "40",
	  "height": "80",
      "lineweight": "1"
    },
    {
      "id": 4,
      "name": "Living room",
      "clr": "#00ff00",
	  "x": "40",
	  "y": "160",
	  "width": "40",
	  "height": "20",
      "lineweight": "1"
    }
  ]
}